code,name
000001,平安银行
000002,万  科Ａ
000004,国华网安
000006,深振业Ａ
000008,神州高铁
000009,中国宝安
000010,美丽生态
000011,深物业A
000012,南  玻Ａ
000014,沙河股份
000016,深康佳Ａ
000017,深中华A
000019,深粮控股
000020,深华发Ａ
000021,深科技
000023,深天地Ａ
000025,特  力Ａ
000026,飞亚达
000027,深圳能源
000028,国药一致
000029,深深房Ａ
000030,富奥股份
000031,大悦城
000032,深桑达Ａ
000034,神州数码
000035,中国天楹
000036,华联控股
000037,深南电A
000038,深大通
000039,中集集团
000040,东旭蓝天
000042,中洲控股
000045,深纺织Ａ
000046,泛海控股
000048,京基智农
000049,德赛电池
000050,深天马Ａ
000055,方大集团
000056,皇庭国际
000058,深 赛 格
000059,华锦股份
000060,中金岭南
000061,农 产 品
000062,深圳华强
000063,中兴通讯
000065,北方国际
000066,中国长城
000068,华控赛格
000069,华侨城Ａ
000070,特发信息
000078,海王生物
000088,盐 田 港
000089,深圳机场
000090,天健集团
000096,广聚能源
000099,中信海直
000100,TCL科技
000150,宜华健康
000151,中成股份
000153,丰原药业
000155,川能动力
000156,华数传媒
000157,中联重科
000158,常山北明
000159,国际实业
000166,申万宏源
000301,东方盛虹
000333,美的集团
000338,潍柴动力
000400,许继电气
000401,冀东水泥
000402,金 融 街
000403,派林生物
000404,长虹华意
000407,胜利股份
000408,藏格控股
000409,云鼎科技
000411,英特集团
000413,东旭光电
000415,渤海租赁
000416,民生控股
000417,合肥百货
000419,通程控股
000420,吉林化纤
000421,南京公用
000422,湖北宜化
000423,东阿阿胶
000425,徐工机械
000426,兴业矿业
000428,华天酒店
000429,粤高速Ａ
000430,张家界
000488,晨鸣纸业
000498,山东路桥
000501,鄂武商Ａ
000503,国新健康
000504,南华生物
000505,京粮控股
000506,中润资源
000507,珠海港
000510,新金路
000513,丽珠集团
000514,渝 开 发
000516,国际医学
000517,荣安地产
000518,四环生物
000519,中兵红箭
000520,长航凤凰
000521,长虹美菱
000524,岭南控股
000526,学大教育
000528,柳    工
000529,广弘控股
000530,冰山冷热
000531,穗恒运Ａ
000532,华金资本
000533,顺钠股份
000534,万泽股份
000536,华映科技
000537,广宇发展
000538,云南白药
000539,粤电力Ａ
000540,中天金融
000541,佛山照明
000543,皖能电力
000544,中原环保
000545,金浦钛业
000546,金圆股份
000547,航天发展
000548,湖南投资
000550,江铃汽车
000551,创元科技
000552,靖远煤电
000553,安道麦A
000554,泰山石油
000555,神州信息
000557,西部创业
000558,莱茵体育
000559,万向钱潮
000560,我爱我家
000561,烽火电子
000563,陕国投Ａ
000565,渝三峡Ａ
000566,海南海药
000567,海德股份
000568,泸州老窖
000570,苏常柴Ａ
000572,海马汽车
000573,粤宏远Ａ
000576,甘化科工
000581,威孚高科
000582,北部湾港
000584,哈工智能
000586,汇源通信
000589,贵州轮胎
000590,启迪药业
000591,太阳能
000592,平潭发展
000593,大通燃气
000595,宝塔实业
000596,古井贡酒
000597,东北制药
000598,兴蓉环境
000599,青岛双星
000600,建投能源
000601,韶能股份
000603,盛达资源
000605,渤海股份
000607,华媒控股
000608,阳光股份
000610,西安旅游
000612,焦作万方
000615,奥园美谷
000617,中油资本
000619,海螺型材
000620,新华联
000622,恒立实业
000623,吉林敖东
000625,长安汽车
000626,远大控股
000627,天茂集团
000628,高新发展
000629,攀钢钒钛
000630,铜陵有色
000631,顺发恒业
000632,三木集团
000633,合金投资
000635,英 力 特
000636,风华高科
000637,茂化实华
000639,西王食品
000650,仁和药业
000651,格力电器
000652,泰达股份
000655,金岭矿业
000656,金科股份
000657,中钨高新
000659,珠海中富
000661,长春高新
000663,永安林业
000665,湖北广电
000666,经纬纺机
000667,美好置业
000668,荣丰控股
000671,阳 光 城
000672,上峰水泥
000676,智度股份
000677,恒天海龙
000678,襄阳轴承
000679,大连友谊
000680,山推股份
000681,视觉中国
000682,东方电子
000683,远兴能源
000685,中山公用
000686,东北证券
000688,国城矿业
000690,宝新能源
000691,亚太实业
000692,惠天热电
000695,滨海能源
000697,炼石航空
000698,沈阳化工
000700,模塑科技
000701,厦门信达
000702,正虹科技
000703,恒逸石化
000705,浙江震元
000708,中信特钢
000709,河钢股份
000710,贝瑞基因
000711,京蓝科技
000712,锦龙股份
000713,丰乐种业
000715,中兴商业
000716,黑芝麻
000717,韶钢松山
000718,苏宁环球
000719,中原传媒
000720,新能泰山
000721,西安饮食
000722,湖南发展
000723,美锦能源
000725,京东方Ａ
000726,鲁  泰Ａ
000727,冠捷科技
000728,国元证券
000729,燕京啤酒
000731,四川美丰
000732,泰禾集团
000733,振华科技
000735,罗 牛 山
000736,中交地产
000737,南风化工
000738,航发控制
000739,普洛药业
000750,国海证券
000751,锌业股份
000753,漳州发展
000755,山西路桥
000756,新华制药
000757,浩物股份
000758,中色股份
000759,中百集团
000761,本钢板材
000762,西藏矿业
000766,通化金马
000767,晋控电力
000768,中航西飞
000776,广发证券
000777,中核科技
000778,新兴铸管
000779,甘咨询
000782,美达股份
000783,长江证券
000785,居然之家
000786,北新建材
000788,北大医药
000789,万年青
000790,华神科技
000791,甘肃电投
000792,盐湖股份
000793,华闻集团
000795,英洛华
000796,凯撒旅业
000797,中国武夷
000798,中水渔业
000799,酒鬼酒
000800,一汽解放
000801,四川九洲
000803,北清环能
000807,云铝股份
000809,铁岭新城
000810,创维数字
000811,冰轮环境
000812,陕西金叶
000813,德展健康
000815,美利云
000816,智慧农业
000818,航锦科技
000819,岳阳兴长
000821,京山轻机
000822,山东海化
000823,超声电子
000825,太钢不锈
000826,启迪环境
000828,东莞控股
000829,天音控股
000830,鲁西化工
000831,五矿稀土
000833,粤桂股份
000836,富通信息
000837,秦川机床
000838,财信发展
000839,中信国安
000848,承德露露
000850,华茂股份
000851,高鸿股份
000852,石化机械
000856,冀东装备
000858,五 粮 液
000859,国风塑业
000860,顺鑫农业
000861,海印股份
000862,银星能源
000863,三湘印象
000868,安凯客车
000869,张  裕Ａ
000875,吉电股份
000876,新 希 望
000877,天山股份
000878,云南铜业
000880,潍柴重机
000881,中广核技
000882,华联股份
000883,湖北能源
000885,城发环境
000886,海南高速
000887,中鼎股份
000888,峨眉山Ａ
000889,中嘉博创
000890,法尔胜
000892,欢瑞世纪
000893,亚钾国际
000895,双汇发展
000897,津滨发展
000898,鞍钢股份
000899,赣能股份
000900,现代投资
000901,航天科技
000902,新洋丰
000903,云内动力
000905,厦门港务
000906,浙商中拓
000908,景峰医药
000909,数源科技
000910,大亚圣象
000911,南宁糖业
000912,泸天化
000913,钱江摩托
000915,华特达因
000917,电广传媒
000918,嘉凯城
000919,金陵药业
000920,沃顿科技
000921,海信家电
000922,佳电股份
000923,河钢资源
000925,众合科技
000926,福星股份
000927,中国铁物
000928,中钢国际
000929,兰州黄河
000930,中粮科技
000931,中 关 村
000932,华菱钢铁
000933,神火股份
000935,四川双马
000936,华西股份
000937,冀中能源
000938,紫光股份
000948,南天信息
000949,新乡化纤
000950,重药控股
000951,中国重汽
000952,广济药业
000953,河化股份
000955,欣龙控股
000957,中通客车
000958,东方能源
000959,首钢股份
000960,锡业股份
000961,中南建设
000962,东方钽业
000963,华东医药
000965,天保基建
000966,长源电力
000967,盈峰环境
000968,蓝焰控股
000969,安泰科技
000970,中科三环
000973,佛塑科技
000975,银泰黄金
000976,华铁股份
000977,浪潮信息
000978,桂林旅游
000982,中银绒业
000983,山西焦煤
000985,大庆华科
000987,越秀金控
000988,华工科技
000989,九 芝 堂
000990,诚志股份
000993,闽东电力
000995,皇台酒业
000996,中国中期
000997,新 大 陆
000998,隆平高科
000999,华润三九
001201,东瑞股份
001202,炬申股份
001203,大中矿业
001205,盛航股份
001206,依依股份
001207,联科科技
001208,华菱线缆
001209,洪兴股份
001210,金房节能
001211,双枪科技
001212,中旗新材
001213,中铁特货
001215,千味央厨
001216,华瓷股份
001217,华尔泰
001218,丽臣实业
001219,青岛食品
001288,运机集团
001696,宗申动力
001872,招商港口
001896,豫能控股
001914,招商积余
001965,招商公路
001979,招商蛇口
002001,新 和 成
002002,鸿达兴业
002003,伟星股份
002004,华邦健康
002006,精功科技
002007,华兰生物
002008,大族激光
002009,天奇股份
002010,传化智联
002011,盾安环境
002012,凯恩股份
002013,中航机电
002014,永新股份
002015,协鑫能科
002016,世荣兆业
002017,东信和平
002019,亿帆医药
002020,京新药业
002022,科华生物
002023,海特高新
002024,苏宁易购
002025,航天电器
002026,山东威达
002027,分众传媒
002028,思源电气
002029,七 匹 狼
002030,达安基因
002031,巨轮智能
002032,苏 泊 尔
002033,丽江股份
002034,旺能环境
002035,华帝股份
002036,联创电子
002037,保利联合
002038,双鹭药业
002039,黔源电力
002040,南 京 港
002041,登海种业
002042,华孚时尚
002043,兔 宝 宝
002044,美年健康
002045,国光电器
002046,国机精工
002047,宝鹰股份
002048,宁波华翔
002049,紫光国微
002050,三花智控
002051,中工国际
002053,云南能投
002054,德美化工
002055,得润电子
002056,横店东磁
002057,中钢天源
002059,云南旅游
002060,粤 水 电
002061,浙江交科
002062,宏润建设
002063,远光软件
002064,华峰化学
002065,东华软件
002066,瑞泰科技
002067,景兴纸业
002068,黑猫股份
002069,獐子岛
002073,软控股份
002074,国轩高科
002075,沙钢股份
002077,大港股份
002078,太阳纸业
002079,苏州固锝
002080,中材科技
002081,金 螳 螂
002082,万邦德
002083,孚日股份
002084,海鸥住工
002085,万丰奥威
002087,新野纺织
002088,鲁阳节能
002090,金智科技
002091,江苏国泰
002092,中泰化学
002093,国脉科技
002094,青岛金王
002095,生 意 宝
002096,南岭民爆
002097,山河智能
002098,浔兴股份
002099,海翔药业
002100,天康生物
002101,广东鸿图
002103,广博股份
002104,恒宝股份
002105,信隆健康
002106,莱宝高科
002107,沃华医药
002108,沧州明珠
002109,兴化股份
002110,三钢闽光
002111,威海广泰
002112,三变科技
002114,罗平锌电
002115,三维通信
002116,中国海诚
002117,东港股份
002118,紫鑫药业
002119,康强电子
002120,韵达股份
002121,科陆电子
002123,梦网科技
002124,天邦股份
002125,湘潭电化
002126,银轮股份
002127,南极电商
002128,露天煤业
002129,中环股份
002130,沃尔核材
002131,利欧股份
002132,恒星科技
002133,广宇集团
002134,天津普林
002135,东南网架
002136,安 纳 达
002137,实益达
002138,顺络电子
002139,拓邦股份
002140,东华科技
002141,贤丰控股
002142,宁波银行
002144,宏达高科
002145,中核钛白
002146,荣盛发展
002148,北纬科技
002149,西部材料
002150,通润装备
002151,北斗星通
002152,广电运通
002153,石基信息
002154,报 喜 鸟
002155,湖南黄金
002156,通富微电
002157,正邦科技
002158,汉钟精机
002159,三特索道
002160,常铝股份
002161,远 望 谷
002162,悦心健康
002163,海南发展
002164,宁波东力
002165,红 宝 丽
002166,莱茵生物
002167,东方锆业
002168,惠程科技
002169,智光电气
002170,芭田股份
002171,楚江新材
002172,澳洋健康
002173,创新医疗
002174,游族网络
002176,江特电机
002177,御银股份
002178,延华智能
002179,中航光电
002180,纳思达
002181,粤 传 媒
002182,云海金属
002183,怡 亚 通
002184,海得控制
002185,华天科技
002186,全 聚 德
002187,广百股份
002189,中光学
002190,成飞集成
002191,劲嘉股份
002192,融捷股份
002193,如意集团
002194,武汉凡谷
002195,二三四五
002196,方正电机
002197,证通电子
002198,嘉应制药
002199,东晶电子
002201,正威新材
002202,金风科技
002203,海亮股份
002204,大连重工
002205,国统股份
002206,海 利 得
002207,准油股份
002208,合肥城建
002209,达 意 隆
002211,宏达新材
002212,天融信
002213,大为股份
002214,大立科技
002215,诺 普 信
002216,三全食品
002217,合力泰
002218,拓日新能
002221,东华能源
002222,福晶科技
002223,鱼跃医疗
002224,三 力 士
002225,濮耐股份
002226,江南化工
002227,奥 特 迅
002228,合兴包装
002229,鸿博股份
002230,科大讯飞
002231,奥维通信
002232,启明信息
002233,塔牌集团
002234,民和股份
002235,安妮股份
002236,大华股份
002237,恒邦股份
002238,天威视讯
002239,奥特佳
002240,盛新锂能
002241,歌尔股份
002242,九阳股份
002243,力合科创
002244,滨江集团
002245,蔚蓝锂芯
002246,北化股份
002247,聚力文化
002248,华东数控
002249,大洋电机
002250,联化科技
002251,步 步 高
002252,上海莱士
002253,川大智胜
002254,泰和新材
002255,海陆重工
002256,兆新股份
002258,利尔化学
002261,拓维信息
002262,恩华药业
002263,大东南
002264,新 华 都
002265,西仪股份
002266,浙富控股
002267,陕天然气
002268,卫 士 通
002269,美邦服饰
002270,华明装备
002271,东方雨虹
002272,川润股份
002273,水晶光电
002274,华昌化工
002275,桂林三金
002276,万马股份
002277,友阿股份
002278,神开股份
002279,久其软件
002280,联络互动
002281,光迅科技
002282,博深股份
002283,天润工业
002284,亚太股份
002285,世联行
002286,保龄宝
002287,奇正藏药
002288,超华科技
002289,宇顺电子
002290,禾盛新材
002291,星期六
002292,奥飞娱乐
002293,罗莱生活
002294,信立泰
002295,精艺股份
002296,辉煌科技
002297,博云新材
002298,中电兴发
002299,圣农发展
002300,太阳电缆
002301,齐心集团
002302,西部建设
002303,美盈森
002304,洋河股份
002305,南国置业
002306,中科云网
002307,北新路桥
002308,威创股份
002309,中利集团
002310,东方园林
002311,海大集团
002312,川发龙蟒
002313,日海智能
002314,南山控股
002315,焦点科技
002316,亚联发展
002317,众生药业
002318,久立特材
002319,乐通股份
002320,海峡股份
002322,理工环科
002324,普利特
002325,洪涛股份
002326,永太科技
002327,富安娜
002328,新朋股份
002329,皇氏集团
002330,得利斯
002331,皖通科技
002332,仙琚制药
002333,罗普斯金
002334,英威腾
002335,科华数据
002336,人人乐
002337,赛象科技
002338,奥普光电
002339,积成电子
002340,格林美
002341,新纶新材
002342,巨力索具
002343,慈文传媒
002344,海宁皮城
002345,潮宏基
002346,柘中股份
002347,泰尔股份
002348,高乐股份
002349,精华制药
002350,北京科锐
002351,漫步者
002352,顺丰控股
002353,杰瑞股份
002354,天神娱乐
002355,兴民智通
002357,富临运业
002360,同德化工
002361,神剑股份
002362,汉王科技
002363,隆基机械
002364,中恒电气
002365,永安药业
002366,台海核电
002367,康力电梯
002368,太极股份
002369,卓翼科技
002370,亚太药业
002371,北方华创
002372,伟星新材
002373,千方科技
002374,中锐股份
002375,亚厦股份
002376,新北洋
002377,国创高新
002378,章源钨业
002379,宏创控股
002380,科远智慧
002381,双箭股份
002382,蓝帆医疗
002383,合众思壮
002384,东山精密
002385,大北农
002386,天原股份
002387,维信诺
002388,新亚制程
002389,航天彩虹
002390,信邦制药
002391,长青股份
002392,北京利尔
002393,力生制药
002394,联发股份
002395,双象股份
002396,星网锐捷
002397,梦洁股份
002398,垒知集团
002399,海普瑞
002400,省广集团
002401,中远海科
002402,和而泰
002403,爱仕达
002404,嘉欣丝绸
002405,四维图新
002406,远东传动
002407,多氟多
002408,齐翔腾达
002409,雅克科技
002410,广联达
002411,延安必康
002412,汉森制药
002413,雷科防务
002414,高德红外
002415,海康威视
002416,爱施德
002417,深南股份
002418,康盛股份
002419,天虹股份
002420,毅昌科技
002421,达实智能
002422,科伦药业
002423,中粮资本
002424,贵州百灵
002425,凯撒文化
002426,胜利精密
002428,云南锗业
002429,兆驰股份
002430,杭氧股份
002431,棕榈股份
002432,九安医疗
002433,太安堂
002434,万里扬
002435,长江健康
002436,兴森科技
002437,誉衡药业
002438,江苏神通
002439,启明星辰
002440,闰土股份
002441,众业达
002442,龙星化工
002443,金洲管道
002444,巨星科技
002445,中南文化
002446,盛路通信
002448,中原内配
002449,国星光电
002451,摩恩电气
002452,长高集团
002453,华软科技
002454,松芝股份
002455,百川股份
002456,欧菲光
002457,青龙管业
002458,益生股份
002459,晶澳科技
002460,赣锋锂业
002461,珠江啤酒
002462,嘉事堂
002463,沪电股份
002465,海格通信
002466,天齐锂业
002467,二六三
002468,申通快递
002469,三维化学
002471,中超控股
002472,双环传动
002474,榕基软件
002475,立讯精密
002476,宝莫股份
002478,常宝股份
002479,富春环保
002480,新筑股份
002481,双塔食品
002482,广田集团
002483,润邦股份
002484,江海股份
002485,雪松发展
002486,嘉麟杰
002487,大金重工
002488,金固股份
002489,浙江永强
002490,山东墨龙
002491,通鼎互联
002492,恒基达鑫
002493,荣盛石化
002494,华斯股份
002495,佳隆股份
002497,雅化集团
002498,汉缆股份
002500,山西证券
002502,鼎龙文化
002503,搜于特
002505,鹏都农牧
002506,协鑫集成
002507,涪陵榨菜
002508,老板电器
002510,天汽模
002511,中顺洁柔
002512,达华智能
002513,蓝丰生化
002514,宝馨科技
002515,金字火腿
002516,旷达科技
002517,恺英网络
002518,科士达
002519,银河电子
002520,日发精机
002521,齐峰新材
002522,浙江众成
002523,天桥起重
002524,光正眼科
002526,山东矿机
002527,新时达
002528,英飞拓
002529,海源复材
002530,金财互联
002531,天顺风能
002532,天山铝业
002533,金杯电工
002534,杭锅股份
002536,飞龙股份
002537,海联金汇
002538,司尔特
002539,云图控股
002540,亚太科技
002541,鸿路钢构
002542,中化岩土
002543,万和电气
002544,杰赛科技
002545,东方铁塔
002546,新联电子
002547,春兴精工
002548,金新农
002549,凯美特气
002550,千红制药
002551,尚荣医疗
002552,宝鼎科技
002553,南方轴承
002554,惠博普
002555,三七互娱
002556,辉隆股份
002557,洽洽食品
002558,巨人网络
002559,亚威股份
002560,通达股份
002561,徐家汇
002562,兄弟科技
002563,森马服饰
002564,天沃科技
002565,顺灏股份
002566,益盛药业
002567,唐人神
002568,百润股份
002570,贝因美
002571,德力股份
002572,索菲亚
002573,清新环境
002574,明牌珠宝
002576,通达动力
002577,雷柏科技
002578,闽发铝业
002579,中京电子
002580,圣阳股份
002581,未名医药
002582,好想你
002583,海能达
002584,西陇科学
002585,双星新材
002587,奥拓电子
002588,史丹利
002589,瑞康医药
002590,万安科技
002591,恒大高新
002593,日上集团
002594,比亚迪
002595,豪迈科技
002596,海南瑞泽
002597,金禾实业
002598,山东章鼓
002599,盛通股份
002600,领益智造
002601,龙佰集团
002602,世纪华通
002603,以岭药业
002605,姚记科技
002606,大连电瓷
002607,中公教育
002608,江苏国信
002609,捷顺科技
002610,爱康科技
002611,东方精工
002612,朗姿股份
002613,北玻股份
002614,奥佳华
002615,哈尔斯
002616,长青集团
002617,露笑科技
002620,瑞和股份
002621,美吉姆
002622,融钰集团
002623,亚玛顿
002624,完美世界
002625,光启技术
002626,金达威
002627,三峡旅游
002628,成都路桥
002630,华西能源
002631,德尔未来
002632,道明光学
002633,申科股份
002634,棒杰股份
002635,安洁科技
002636,金安国纪
002637,赞宇科技
002638,勤上股份
002639,雪人股份
002641,永高股份
002642,荣联科技
002643,万润股份
002644,佛慈制药
002645,华宏科技
002646,青青稞酒
002647,仁东控股
002648,卫星化学
002649,博彦科技
002650,加加食品
002651,利君股份
002652,扬子新材
002653,海思科
002654,万润科技
002655,共达电声
002657,中科金财
002658,雪迪龙
002659,凯文教育
002660,茂硕电源
002661,克明食品
002662,京威股份
002663,普邦股份
002664,长鹰信质
002665,首航高科
002666,德联集团
002667,鞍重股份
002669,康达新材
002670,国盛金控
002671,龙泉股份
002672,东江环保
002673,西部证券
002674,兴业科技
002675,东诚药业
002676,顺威股份
002677,浙江美大
002678,珠江钢琴
002679,福建金森
002681,奋达科技
002682,龙洲股份
002683,宏大爆破
002685,华东重机
002686,亿利达
002687,乔治白
002688,金河生物
002689,远大智能
002690,美亚光电
002691,冀凯股份
002693,双成药业
002694,顾地科技
002695,煌上煌
002696,百洋股份
002697,红旗连锁
002698,博实股份
002699,美盛文化
002701,奥瑞金
002702,海欣食品
002703,浙江世宝
002705,新宝股份
002706,良信股份
002707,众信旅游
002708,光洋股份
002709,天赐材料
002712,思美传媒
002713,东易日盛
002714,牧原股份
002715,登云股份
002716,金贵银业
002717,岭南股份
002718,友邦吊顶
002721,金一文化
002722,金轮股份
002723,金莱特
002724,海洋王
002725,跃岭股份
002726,龙大肉食
002727,一心堂
002728,特一药业
002729,好利科技
002730,电光科技
002731,萃华珠宝
002732,燕塘乳业
002733,雄韬股份
002734,利民股份
002735,王子新材
002736,国信证券
002737,葵花药业
002738,中矿资源
002739,万达电影
002740,爱迪尔
002741,光华科技
002742,三圣股份
002743,富煌钢构
002745,木林森
002746,仙坛股份
002747,埃斯顿
002748,世龙实业
002749,国光股份
002750,龙津药业
002751,易尚展示
002752,昇兴股份
002753,永东股份
002755,奥赛康
002756,永兴材料
002757,南兴股份
002758,浙农股份
002759,天际股份
002760,凤形股份
002761,浙江建投
002762,金发拉比
002763,汇洁股份
002765,蓝黛科技
002767,先锋电子
002768,国恩股份
002769,普路通
002771,真视通
002772,众兴菌业
002773,康弘药业
002774,快意电梯
002775,文科园林
002777,久远银海
002778,中晟高科
002779,中坚科技
002780,三夫户外
002781,奇信股份
002782,可立克
002783,凯龙股份
002785,万里石
002786,银宝山新
002787,华源控股
002788,鹭燕医药
002789,建艺集团
002790,瑞尔特
002791,坚朗五金
002792,通宇通讯
002793,罗欣药业
002795,永和智控
002796,世嘉科技
002797,第一创业
002798,帝欧家居
002799,环球印务
002800,天顺股份
002801,微光股份
002802,洪汇新材
002803,吉宏股份
002805,丰元股份
002806,华锋股份
002807,江阴银行
002808,恒久科技
002809,红墙股份
002810,山东赫达
002811,郑中设计
002812,恩捷股份
002813,路畅科技
002815,崇达技术
002816,和科达
002817,黄山胶囊
002818,富森美
002819,东方中科
002820,桂发祥
002821,凯莱英
002822,中装建设
002823,凯中精密
002824,和胜股份
002825,纳尔股份
002826,易明医药
002827,高争民爆
002828,贝肯能源
002829,星网宇达
002830,名雕股份
002831,裕同科技
002832,比音勒芬
002833,弘亚数控
002835,同为股份
002836,新宏泽
002837,英维克
002838,道恩股份
002839,张家港行
002840,华统股份
002841,视源股份
002842,翔鹭钨业
002843,泰嘉股份
002845,同兴达
002846,英联股份
002847,盐津铺子
002848,高斯贝尔
002849,威星智能
002850,科达利
002851,麦格米特
002852,道道全
002853,皮阿诺
002855,捷荣技术
002856,美芝股份
002857,三晖电气
002858,力盛赛车
002859,洁美科技
002860,星帅尔
002861,瀛通通讯
002862,实丰文化
002863,今飞凯达
002864,盘龙药业
002865,钧达股份
002866,传艺科技
002867,周大生
002868,绿康生化
002869,金溢科技
002870,香山股份
002871,伟隆股份
002873,新天药业
002875,安奈儿
002876,三利谱
002877,智能自控
002878,元隆雅图
002879,长缆科技
002880,卫光生物
002881,美格智能
002882,金龙羽
002883,中设股份
002884,凌霄泵业
002885,京泉华
002886,沃特股份
002887,绿茵生态
002888,惠威科技
002889,东方嘉盛
002890,弘宇股份
002891,中宠股份
002892,科力尔
002893,华通热力
002895,川恒股份
002896,中大力德
002897,意华股份
002898,赛隆药业
002899,英派斯
002900,哈三联
002901,大博医疗
002902,铭普光磁
002903,宇环数控
002905,金逸影视
002906,华阳集团
002907,华森制药
002908,德生科技
002909,集泰股份
002910,庄园牧场
002911,佛燃能源
002912,中新赛克
002913,奥士康
002915,中欣氟材
002916,深南电路
002917,金奥博
002918,蒙娜丽莎
002919,名臣健康
002920,德赛西威
002921,联诚精密
002922,伊戈尔
002923,润都股份
002925,盈趣科技
002926,华西证券
002927,泰永长征
002928,华夏航空
002929,润建股份
002930,宏川智慧
002931,锋龙股份
002932,明德生物
002933,新兴装备
002935,天奥电子
002936,郑州银行
002937,兴瑞科技
002938,鹏鼎控股
002939,长城证券
002940,昂利康
002941,新疆交建
002942,新农股份
002943,宇晶股份
002945,华林证券
002946,新乳业
002947,恒铭达
002948,青岛银行
002949,华阳国际
002950,奥美医疗
002951,金时科技
002952,亚世光电
002953,日丰股份
002955,鸿合科技
002956,西麦食品
002957,科瑞技术
002958,青农商行
002959,小熊电器
002960,青鸟消防
002961,瑞达期货
002962,五方光电
002963,豪尔赛
002965,祥鑫科技
002966,苏州银行
002967,广电计量
002968,新大正
002969,嘉美包装
002970,锐明技术
002971,和远气体
002972,科安达
002973,侨银股份
002975,博杰股份
002976,瑞玛工业
002977,天箭科技
002978,安宁股份
002979,雷赛智能
002980,华盛昌
002981,朝阳科技
002982,湘佳股份
002983,芯瑞达
002984,森麒麟
002985,北摩高科
002986,宇新股份
002987,京北方
002988,豪美新材
002989,中天精装
002990,盛视科技
002991,甘源食品
002992,宝明科技
002993,奥海科技
002995,天地在线
002996,顺博合金
002997,瑞鹄模具
002998,优彩资源
002999,天禾股份
600000,浦发银行
600004,白云机场
600006,东风汽车
600007,中国国贸
600008,首创环保
600009,上海机场
600010,包钢股份
600011,华能国际
600012,皖通高速
600015,华夏银行
600016,民生银行
600017,日照港
600018,上港集团
600019,宝钢股份
600020,中原高速
600021,上海电力
600022,山东钢铁
600023,浙能电力
600025,华能水电
600026,中远海能
600027,华电国际
600028,中国石化
600029,南方航空
600030,中信证券
600031,三一重工
600032,浙江新能
600033,福建高速
600035,楚天高速
600036,招商银行
600037,歌华有线
600038,中直股份
600039,四川路桥
600048,保利发展
600050,中国联通
600051,宁波联合
600052,浙江广厦
600053,九鼎投资
600054,黄山旅游
600055,万东医疗
600056,中国医药
600057,厦门象屿
600058,五矿发展
600059,古越龙山
600060,海信视像
600061,国投资本
600062,华润双鹤
600063,皖维高新
600064,南京高科
600066,宇通客车
600067,冠城大通
600070,浙江富润
600071,凤凰光学
600072,中船科技
600073,上海梅林
600075,新疆天业
600076,康欣新材
600077,宋都股份
600079,人福医药
600080,金花股份
600081,东风科技
600082,海泰发展
600085,同仁堂
600088,中视传媒
600089,特变电工
600094,大名城
600095,湘财股份
600096,云天化
600097,开创国际
600098,广州发展
600099,林海股份
600100,同方股份
600101,明星电力
600103,青山纸业
600104,上汽集团
600105,永鼎股份
600106,重庆路桥
600107,美尔雅
600108,亚盛集团
600109,国金证券
600110,诺德股份
600111,北方稀土
600113,浙江东日
600114,东睦股份
600115,中国东航
600116,三峡水利
600117,西宁特钢
600118,中国卫星
600119,长江投资
600120,浙江东方
600121,郑州煤电
600123,兰花科创
600125,铁龙物流
600126,杭钢股份
600127,金健米业
600128,弘业股份
600129,太极集团
600130,波导股份
600131,国网信通
600132,重庆啤酒
600133,东湖高新
600135,乐凯胶片
600136,当代文体
600137,浪莎股份
600138,中青旅
600141,兴发集团
600143,金发科技
600148,长春一东
600149,廊坊发展
600150,中国船舶
600151,航天机电
600152,维科技术
600153,建发股份
600155,华创阳安
600156,华升股份
600157,永泰能源
600158,中体产业
600159,大龙地产
600160,巨化股份
600161,天坛生物
600162,香江控股
600163,中闽能源
600165,新日恒力
600166,福田汽车
600167,联美控股
600168,武汉控股
600169,太原重工
600170,上海建工
600171,上海贝岭
600172,黄河旋风
600173,卧龙地产
600176,中国巨石
600177,雅戈尔
600178,东安动力
600179,安通控股
600180,瑞茂通
600183,生益科技
600184,光电股份
600185,格力地产
600186,莲花健康
600187,国中水务
600188,兖州煤业
600189,泉阳泉
600190,锦州港
600192,长城电工
600193,创兴资源
600195,中牧股份
600196,复星医药
600197,伊力特
600199,金种子酒
600200,江苏吴中
600201,生物股份
600202,哈空调
600203,福日电子
600206,有研新材
600207,安彩高科
600208,新湖中宝
600210,紫江企业
600211,西藏药业
600212,江泉实业
600213,亚星客车
600215,长春经开
600216,浙江医药
600217,中再资环
600218,全柴动力
600219,南山铝业
600220,江苏阳光
600222,太龙药业
600223,鲁商发展
600227,圣济堂
600228,返利科技
600229,城市传媒
600230,沧州大化
600231,凌钢股份
600232,金鹰股份
600233,圆通速递
600234,科新发展
600235,民丰特纸
600236,桂冠电力
600237,铜峰电子
600238,海南椰岛
600243,青海华鼎
600246,万通发展
600248,陕西建工
600249,两面针
600250,南纺股份
600251,冠农股份
600252,中恒集团
600255,鑫科材料
600256,广汇能源
600257,大湖股份
600258,首旅酒店
600259,广晟有色
600261,阳光照明
600262,北方股份
600266,城建发展
600267,海正药业
600268,国电南自
600269,赣粤高速
600271,航天信息
600272,开开实业
600273,嘉化能源
600276,恒瑞医药
600277,亿利洁能
600278,东方创业
600279,重庆港
600280,中央商场
600281,华阳新材
600282,南钢股份
600283,钱江水利
600284,浦东建设
600285,羚锐制药
600287,江苏舜天
600288,大恒科技
600292,远达环保
600293,三峡新材
600295,鄂尔多斯
600297,广汇汽车
600298,安琪酵母
600299,安迪苏
600302,标准股份
600303,曙光股份
600305,恒顺醋业
600307,酒钢宏兴
600308,华泰股份
600309,万华化学
600310,桂东电力
600312,平高电气
600313,农发种业
600315,上海家化
600316,洪都航空
600318,新力金融
600320,振华重工
600321,正源股份
600322,天房发展
600323,瀚蓝环境
600325,华发股份
600326,西藏天路
600327,大东方
600328,中盐化工
600329,中新药业
600330,天通股份
600331,宏达股份
600332,白云山
600333,长春燃气
600335,国机汽车
600336,澳柯玛
600337,美克家居
600338,西藏珠峰
600339,中油工程
600340,华夏幸福
600343,航天动力
600345,长江通信
600346,恒力石化
600348,华阳股份
600350,山东高速
600351,亚宝药业
600352,浙江龙盛
600353,旭光电子
600354,敦煌种业
600355,精伦电子
600356,恒丰纸业
600358,国旅联合
600359,新农开发
600360,华微电子
600361,华联综超
600362,江西铜业
600363,联创光电
600366,宁波韵升
600367,红星发展
600368,五洲交通
600369,西南证券
600370,三房巷
600371,万向德农
600372,中航电子
600373,中文传媒
600375,汉马科技
600376,首开股份
600377,宁沪高速
600378,昊华科技
600379,宝光股份
600380,健康元
600381,青海春天
600383,金地集团
600386,北巴传媒
600388,龙净环保
600389,江山股份
600390,五矿资本
600391,航发科技
600392,盛和资源
600395,盘江股份
600396,金山股份
600397,安源煤业
600398,海澜之家
600399,抚顺特钢
600400,红豆股份
600405,动力源
600406,国电南瑞
600409,三友化工
600410,华胜天成
600415,小商品城
600416,湘电股份
600418,江淮汽车
600419,天润乳业
600420,国药现代
600421,华嵘控股
600422,昆药集团
600423,柳化股份
600425,青松建化
600426,华鲁恒升
600428,中远海特
600429,三元股份
600433,冠豪高新
600435,北方导航
600436,片仔癀
600438,通威股份
600439,瑞贝卡
600444,国机通用
600446,金证股份
600448,华纺股份
600449,宁夏建材
600452,涪陵电力
600455,博通股份
600456,宝钛股份
600458,时代新材
600459,贵研铂业
600460,士兰微
600461,洪城环境
600463,空港股份
600466,蓝光发展
600467,好当家
600468,百利电气
600469,风神股份
600470,六国化工
600475,华光环能
600476,湘邮科技
600477,杭萧钢构
600478,科力远
600479,千金药业
600480,凌云股份
600481,双良节能
600482,中国动力
600483,福能股份
600486,扬农化工
600487,亨通光电
600488,天药股份
600489,中金黄金
600490,鹏欣资源
600491,龙元建设
600493,凤竹纺织
600495,晋西车轴
600496,精工钢构
600497,驰宏锌锗
600498,烽火通信
600499,科达制造
600500,中化国际
600501,航天晨光
600502,安徽建工
600503,华丽家族
600505,西昌电力
600507,方大特钢
600508,上海能源
600509,天富能源
600510,黑牡丹
600511,国药股份
600512,腾达建设
600513,联环药业
600516,方大炭素
600517,国网英大
600519,贵州茅台
600520,文一科技
600521,华海药业
600522,中天科技
600523,贵航股份
600525,长园集团
600526,菲达环保
600527,江南高纤
600528,中铁工业
600529,山东药玻
600530,交大昂立
600531,豫光金铅
600532,未来股份
600533,栖霞建设
600535,天士力
600536,中国软件
600537,亿晶光电
600538,国发股份
600539,狮头股份
600540,新赛股份
600543,莫高股份
600545,卓郎智能
600546,山煤国际
600547,山东黄金
600548,深高速
600549,厦门钨业
600550,保变电气
600551,时代出版
600552,凯盛科技
600556,天下秀
600557,康缘药业
600558,大西洋
600559,老白干酒
600560,金自天正
600561,江西长运
600562,国睿科技
600563,法拉电子
600565,迪马股份
600566,济川药业
600567,山鹰国际
600569,安阳钢铁
600570,恒生电子
600571,信雅达
600572,康恩贝
600573,惠泉啤酒
600575,淮河能源
600576,祥源文化
600577,精达股份
600578,京能电力
600579,克劳斯
600580,卧龙电驱
600581,八一钢铁
600582,天地科技
600583,海油工程
600584,长电科技
600585,海螺水泥
600586,金晶科技
600587,新华医疗
600588,用友网络
600590,泰豪科技
600592,龙溪股份
600594,益佰制药
600596,新安股份
600597,光明乳业
600598,北大荒
600600,青岛啤酒
600602,云赛智联
600603,广汇物流
600604,市北高新
600605,汇通能源
600606,绿地控股
600609,金杯汽车
600610,中毅达
600611,大众交通
600612,老凤祥
600613,神奇制药
600616,金枫酒业
600617,国新能源
600618,氯碱化工
600619,海立股份
600620,天宸股份
600621,华鑫股份
600622,光大嘉宝
600623,华谊集团
600624,复旦复华
600626,申达股份
600628,新世界
600629,华建集团
600630,龙头股份
600633,浙数文化
600635,大众公用
600636,国新文化
600637,东方明珠
600638,新黄浦
600639,浦东金桥
600640,新国脉
600641,万业企业
600642,申能股份
600643,爱建集团
600644,乐山电力
600645,中源协和
600647,同达创业
600648,外高桥
600649,城投控股
600650,锦江在线
600651,飞乐音响
600653,申华控股
600655,豫园股份
600657,信达地产
600658,电子城
600660,福耀玻璃
600661,昂立教育
600662,外服控股
600663,陆家嘴
600664,哈药股份
600665,天地源
600667,太极实业
600668,尖峰集团
600673,东阳光
600674,川投能源
600675,中华企业
600676,交运股份
600678,四川金顶
600679,上海凤凰
600681,百川能源
600682,南京新百
600683,京投发展
600684,珠江股份
600685,中船防务
600686,金龙汽车
600688,上海石化
600689,上海三毛
600690,海尔智家
600691,阳煤化工
600692,亚通股份
600693,东百集团
600694,大商股份
600696,岩石股份
600697,欧亚集团
600698,湖南天雁
600699,均胜电子
600702,舍得酒业
600703,三安光电
600704,物产中大
600705,中航产融
600706,曲江文旅
600707,彩虹股份
600708,光明地产
600710,苏美达
600711,盛屯矿业
600712,南宁百货
600713,南京医药
600714,金瑞矿业
600715,文投控股
600716,凤凰股份
600717,天津港
600718,东软集团
600719,大连热电
600720,祁连山
600722,金牛化工
600724,宁波富达
600725,云维股份
600726,华电能源
600727,鲁北化工
600728,佳都科技
600729,重庆百货
600730,中国高科
600731,湖南海利
600732,爱旭股份
600733,北汽蓝谷
600735,新华锦
600736,苏州高新
600737,中粮糖业
600738,丽尚国潮
600739,辽宁成大
600740,山西焦化
600741,华域汽车
600742,一汽富维
600743,华远地产
600744,华银电力
600745,闻泰科技
600746,江苏索普
600748,上实发展
600749,西藏旅游
600750,江中药业
600751,海航科技
600753,东方银星
600754,锦江酒店
600755,厦门国贸
600756,浪潮软件
600757,长江传媒
600758,辽宁能源
600759,洲际油气
600760,中航沈飞
600761,安徽合力
600763,通策医疗
600764,中国海防
600765,中航重机
600767,运盛医疗
600768,宁波富邦
600769,祥龙电业
600770,综艺股份
600771,广誉远
600773,西藏城投
600774,汉商集团
600775,南京熊猫
600776,东方通信
600777,新潮能源
600778,友好集团
600779,水井坊
600780,通宝能源
600782,新钢股份
600783,鲁信创投
600784,鲁银投资
600785,新华百货
600787,中储股份
600789,鲁抗医药
600790,轻纺城
600791,京能置业
600792,云煤能源
600793,宜宾纸业
600794,保税科技
600795,国电电力
600796,钱江生化
600797,浙大网新
600798,宁波海运
600800,渤海化学
600801,华新水泥
600802,福建水泥
600803,新奥股份
600804,鹏博士
600805,悦达投资
600807,济南高新
600808,马钢股份
600809,山西汾酒
600810,神马股份
600811,东方集团
600812,华北制药
600814,杭州解百
600815,厦工股份
600817,宇通重工
600818,中路股份
600819,耀皮玻璃
600820,隧道股份
600821,金开新能
600822,上海物贸
600823,世茂股份
600824,益民集团
600825,新华传媒
600826,兰生股份
600827,百联股份
600828,茂业商业
600829,人民同泰
600830,香溢融通
600831,广电网络
600833,第一医药
600834,申通地铁
600835,上海机电
600836,上海易连
600837,海通证券
600838,上海九百
600839,四川长虹
600841,上柴股份
600843,上工申贝
600844,丹化科技
600845,宝信软件
600846,同济科技
600847,万里股份
600848,上海临港
600850,电科数字
600851,海欣股份
600853,龙建股份
600854,春兰股份
600855,航天长峰
600857,宁波中百
600858,银座股份
600859,王府井
600860,京城股份
600861,北京城乡
600862,中航高科
600863,内蒙华电
600864,哈投股份
600865,百大集团
600866,星湖科技
600867,通化东宝
600868,梅雁吉祥
600869,远东股份
600871,石化油服
600872,中炬高新
600873,梅花生物
600874,创业环保
600875,东方电气
600876,洛阳玻璃
600877,电能股份
600879,航天电子
600880,博瑞传播
600881,亚泰集团
600882,妙可蓝多
600883,博闻科技
600884,杉杉股份
600885,宏发股份
600886,国投电力
600887,伊利股份
600888,新疆众和
600889,南京化纤
600892,大晟文化
600893,航发动力
600894,广日股份
600895,张江高科
600897,厦门空港
600900,长江电力
600901,江苏租赁
600903,贵州燃气
600905,三峡能源
600906,财达证券
600908,无锡银行
600909,华安证券
600916,中国黄金
600917,重庆燃气
600918,中泰证券
600919,江苏银行
600926,杭州银行
600928,西安银行
600929,雪天盐业
600933,爱柯迪
600936,广西广电
600939,重庆建工
600955,维远股份
600956,新天绿能
600958,东方证券
600959,江苏有线
600960,渤海汽车
600961,株冶集团
600962,国投中鲁
600963,岳阳林纸
600965,福成股份
600966,博汇纸业
600967,内蒙一机
600968,海油发展
600969,郴电国际
600970,中材国际
600971,恒源煤电
600973,宝胜股份
600975,新五丰
600976,健民集团
600977,中国电影
600979,广安爱众
600980,北矿科技
600981,汇鸿集团
600982,宁波能源
600983,惠而浦
600984,建设机械
600985,淮北矿业
600986,浙文互联
600987,航民股份
600988,赤峰黄金
600989,宝丰能源
600990,四创电子
600992,贵绳股份
600993,马应龙
600995,文山电力
600996,贵广网络
600997,开滦股份
600998,九州通
600999,招商证券
601000,唐山港
601001,晋控煤业
601002,晋亿实业
601003,柳钢股份
601005,重庆钢铁
601006,大秦铁路
601007,金陵饭店
601008,连云港
601009,南京银行
601010,文峰股份
601011,宝泰隆
601012,隆基股份
601015,陕西黑猫
601016,节能风电
601018,宁波港
601019,山东出版
601021,春秋航空
601028,玉龙股份
601038,一拖股份
601058,赛轮轮胎
601066,中信建投
601068,中铝国际
601069,西部黄金
601077,渝农商行
601086,国芳集团
601088,中国神华
601098,中南传媒
601099,太平洋
601100,恒立液压
601101,昊华能源
601106,中国一重
601107,四川成渝
601108,财通证券
601111,中国国航
601116,三江购物
601117,中国化学
601118,海南橡胶
601126,四方股份
601127,小康股份
601128,常熟银行
601137,博威合金
601138,工业富联
601139,深圳燃气
601155,新城控股
601156,东航物流
601158,重庆水务
601162,天风证券
601163,三角轮胎
601166,兴业银行
601168,西部矿业
601169,北京银行
601177,杭齿前进
601179,中国西电
601186,中国铁建
601187,厦门银行
601188,龙江交通
601198,东兴证券
601199,江南水务
601200,上海环境
601208,东材科技
601211,国泰君安
601212,白银有色
601216,君正集团
601218,吉鑫科技
601222,林洋能源
601225,陕西煤业
601226,华电重工
601228,广州港
601229,上海银行
601231,环旭电子
601233,桐昆股份
601236,红塔证券
601238,广汽集团
601258,庞大集团
601279,英利汽车
601288,农业银行
601298,青岛港
601311,骆驼股份
601318,中国平安
601319,中国人保
601326,秦港股份
601328,交通银行
601330,绿色动力
601333,广深铁路
601336,新华保险
601339,百隆东方
601360,三六零
601366,利群股份
601368,绿城水务
601369,陕鼓动力
601375,中原证券
601377,兴业证券
601388,怡球资源
601390,中国中铁
601398,工商银行
601456,国联证券
601500,通用股份
601512,中新集团
601515,东风股份
601518,吉林高速
601519,大智慧
601528,瑞丰银行
601555,东吴证券
601566,九牧王
601567,三星医疗
601568,北元集团
601577,长沙银行
601579,会稽山
601588,北辰实业
601595,上海电影
601598,中国外运
601599,浙文影业
601600,中国铝业
601601,中国太保
601606,长城军工
601607,上海医药
601608,中信重工
601609,金田铜业
601611,中国核建
601615,明阳智能
601616,广电电气
601618,中国中冶
601619,嘉泽新能
601628,中国人寿
601633,长城汽车
601636,旗滨集团
601658,邮储银行
601665,齐鲁银行
601666,平煤股份
601668,中国建筑
601669,中国电建
601677,明泰铝业
601678,滨化股份
601686,友发集团
601688,华泰证券
601689,拓普集团
601696,中银证券
601698,中国卫通
601699,潞安环能
601700,风范股份
601702,华峰铝业
601717,郑煤机
601718,际华集团
601727,上海电气
601728,中国电信
601766,中国中车
601777,力帆科技
601778,晶科科技
601788,光大证券
601789,宁波建工
601798,蓝科高新
601799,星宇股份
601800,中国交建
601801,皖新传媒
601808,中海油服
601811,新华文轩
601816,京沪高铁
601818,光大银行
601825,沪农商行
601827,三峰环境
601828,美凯龙
601838,成都银行
601857,中国石油
601858,中国科传
601860,紫金银行
601865,福莱特
601866,中远海发
601868,中国能建
601869,长飞光纤
601872,招商轮船
601877,正泰电器
601878,浙商证券
601880,辽港股份
601881,中国银河
601882,海天精工
601886,江河集团
601888,中国中免
601890,亚星锚链
601898,中煤能源
601899,紫金矿业
601900,南方传媒
601901,方正证券
601908,京运通
601916,浙商银行
601918,新集能源
601919,中远海控
601921,浙版传媒
601928,凤凰传媒
601929,吉视传媒
601933,永辉超市
601939,建设银行
601949,中国出版
601952,苏垦农发
601956,东贝集团
601958,金钼股份
601963,重庆银行
601965,中国汽研
601966,玲珑轮胎
601968,宝钢包装
601969,海南矿业
601975,招商南油
601985,中国核电
601988,中国银行
601989,中国重工
601990,南京证券
601991,大唐发电
601992,金隅集团
601995,中金公司
601996,丰林集团
601997,贵阳银行
601998,中信银行
601999,出版传媒
